Email,Password
ellie.hughes@example.com,tFHKu
slobodan.sarovic@example.com,ovANn
ellie.henderson@example.com,9vySE
emma.mortensen@example.com,ROvn8
varo.lima@example.com,84wYE
robert.lopez@example.com,onTj9
stysh.hsyny@example.com,2yaaO
tarjei.rye@example.com,8ZHgJ
sharanya.kouser@example.com,QgkWC
armando.robertson@example.com,q2R91
minerva.concepcion@example.com,tETUu
luis.aaen@example.com,bObDj
holly.perkins@example.com,8rXGQ
ewald.vanrumpt@example.com,Z0Lug
alex.walker@example.com,YwYrX
itzel.caban@example.com,Yin4H
lia.perrin@example.com,i63NU
mason.moore@example.com,yBAdY
mila.bajevic@example.com,JQccp
okan.ozbir@example.com,OprbI
edmond.woldhuis@example.com,8jPVY
iiris.ramo@example.com,fBZiW
russell.wood@example.com,MnzRu
sanjana.nand@example.com,6HsQH
marta.preis@example.com,6HrDk
vitomir.bjelica@example.com,61ndG
vanessa.morin@example.com,JeDme
mareike.popp@example.com,MxWrW
lyubovir.paliyiv@example.com,RW1I2
nachiket.kulkarni@example.com,zeK6Y
lana.chevalier@example.com,Ka3kx
bhr.shylyrd@example.com,YXbwo
severin.roussel@example.com,sS9KP
marie.madsen@example.com,E5D40
marisela.camacho@example.com,E8lm2
ivan.ivanovic@example.com,azz0h
berit.maassen@example.com,FPfrQ
ceylan.ercetin@example.com,rR9c4
carl.andersen@example.com,0wfCk
bilal.ostvold@example.com,gF8Cf
jakob.skar@example.com,67FeN
nicolas.cuellar@example.com,bwmQA
henry.martin@example.com,jZFJb
yunnuel.villa@example.com,xNcdF
hly.njty@example.com,5Ngnz
anneke.rodrigues@example.com,CGFZ7
alfred.steward@example.com,aXesz
ava.li@example.com,94rnC
felicia.molenaar@example.com,bSz2Q
michael.hallberg@example.com,8BShL
